Country Name,2000 [YR2000],2001 [YR2001],2002 [YR2002],2003 [YR2003],2004 [YR2004],2005 [YR2005],2006 [YR2006],2007 [YR2007],2008 [YR2008],2009 [YR2009],2010 [YR2010],2011 [YR2011],2012 [YR2012],2013 [YR2013],2014 [YR2014],2015 [YR2015]
Afghanistan,19701940.0,20531160.0,21487079.0,22507368.0,23499850.0,24399948.0,25183615.0,25877544.0,26528741.0,27207291.0,27962207.0,28809167.0,29726803.0,30682500.0,31627506.0,32526562.0
Albania,3089027.0,3060173.0,3051010.0,3039616.0,3026939.0,3011487.0,2992547.0,2970017.0,2947314.0,2927519.0,2913021.0,2904780.0,2900247.0,2896652.0,2893654.0,2889167.0
Algeria,31183658.0,31590320.0,31990387.0,32394886.0,32817225.0,33267887.0,33749328.0,34261971.0,34811059.0,35401790.0,36036159.0,36717132.0,37439427.0,38186135.0,38934334.0,39666519.0
American Samoa,57522.0,58176.0,58729.0,59117.0,59262.0,59117.0,58648.0,57904.0,57031.0,56226.0,55636.0,55316.0,55227.0,55302.0,55434.0,55538.0
Andorra,65399.0,67770.0,71046.0,74783.0,78337.0,81223.0,83373.0,84878.0,85616.0,85474.0,84419.0,82326.0,79316.0,75902.0,72786.0,70473.0
Angola,15058638.0,15562791.0,16109696.0,16691395.0,17295500.0,17912942.0,18541467.0,19183907.0,19842251.0,20520103.0,21219954.0,21942296.0,22685632.0,23448202.0,24227524.0,25021974.0
Antigua and Barbuda,77648.0,78972.0,80030.0,80904.0,81718.0,82565.0,83467.0,84397.0,85350.0,86300.0,87233.0,88152.0,89069.0,89985.0,90900.0,91818.0
Argentina,37057453.0,37471535.0,37889443.0,38309475.0,38728778.0,39145491.0,39558750.0,39969903.0,40381860.0,40798641.0,41222875.0,41655616.0,42095224.0,42538304.0,42980026.0,43416755.0
Armenia,3076098.0,3060036.0,3047249.0,3036420.0,3025982.0,3014917.0,3002161.0,2988117.0,2975029.0,2966108.0,2963496.0,2967984.0,2978339.0,2992192.0,3006154.0,3017712.0
Aruba,90858.0,92894.0,94995.0,97015.0,98742.0,100031.0,100830.0,101218.0,101342.0,101416.0,101597.0,101936.0,102393.0,102921.0,103441.0,103889.0
Australia,19153000.0,19413000.0,19651400.0,19895400.0,20127400.0,20394800.0,20697900.0,20827600.0,21249200.0,21691700.0,22031750.0,22340024.0,22728254.0,23117353.0,23464086.0,23781169.0
Austria,8011566.0,8042293.0,8081957.0,8121423.0,8171966.0,8227829.0,8268641.0,8295487.0,8321496.0,8343323.0,8363404.0,8391643.0,8429991.0,8479375.0,8541575.0,8611088.0
Azerbaijan,8048600.0,8111200.0,8171950.0,8234100.0,8306500.0,8391850.0,8484550.0,8581300.0,8763400.0,8947243.0,9054332.0,9173082.0,9295784.0,9416801.0,9535079.0,9651349.0
"Bahamas, The",297891.0,303138.0,309170.0,315757.0,322539.0,329243.0,335801.0,342259.0,348587.0,354780.0,360830.0,366711.0,372388.0,377841.0,383054.0,388019.0
Bahrain,666855.0,694893.0,725365.0,761595.0,807989.0,867014.0,940808.0,1026568.0,1115777.0,1196774.0,1261319.0,1306014.0,1333577.0,1349427.0,1361930.0,1377237.0
Bangladesh,131280739.0,133776064.0,136228456.0,138600174.0,140843786.0,142929979.0,144839238.0,146592687.0,148252473.0,149905836.0,151616777.0,153405612.0,155257387.0,157157394.0,159077513.0,160995642.0
Barbados,269838.0,270686.0,271479.0,272261.0,273091.0,274013.0,275040.0,276154.0,277315.0,278466.0,279566.0,280602.0,281580.0,282503.0,283380.0,284215.0
Belarus,10005000.0,9928000.0,9865000.0,9797000.0,9730000.0,9663000.0,9604000.0,9560000.0,9528000.0,9507000.0,9490000.0,9473000.0,9464000.0,9466000.0,9483000.0,9513000.0
Belgium,10251250.0,10286570.0,10332785.0,10376133.0,10421137.0,10478617.0,10547958.0,10625700.0,10709973.0,10796493.0,10895586.0,11047744.0,11128246.0,11182817.0,11231213.0,11285721.0
Belize,247312.0,254989.0,262202.0,269132.0,276085.0,283279.0,290751.0,298403.0,306165.0,313925.0,321609.0,329193.0,336707.0,344193.0,351706.0,359287.0
Benin,6949366.0,7174911.0,7414744.0,7665681.0,7922796.0,8182362.0,8443717.0,8707637.0,8973525.0,9240982.0,9509798.0,9779391.0,10049792.0,10322232.0,10598482.0,10879829.0
Bermuda,61833.0,62504.0,62912.0,63325.0,63740.0,64154.0,64523.0,64888.0,65273.0,65636.0,65124.0,64564.0,64798.0,65001.0,65139.0,65235.0
Bhutan,564187.0,580784.0,598421.0,616474.0,634235.0,651163.0,666920.0,681471.0,694990.0,707830.0,720246.0,732246.0,743711.0,754637.0,765008.0,774830.0
Bolivia,8339512.0,8496378.0,8653343.0,8810420.0,8967740.0,9125405.0,9283345.0,9441482.0,9599916.0,9758799.0,9918245.0,10078238.0,10238762.0,10399931.0,10561887.0,10724705.0
Bosnia and Herzegovina,3792878.0,3799747.0,3808347.0,3817313.0,3825872.0,3833377.0,3838504.0,3840418.0,3839749.0,3837732.0,3835258.0,3832310.0,3828419.0,3823533.0,3817554.0,3810416.0
Botswana,1736579.0,1762531.0,1786672.0,1810438.0,1835750.0,1864003.0,1895671.0,1930431.0,1967866.0,2007212.0,2047831.0,2089706.0,2132822.0,2176510.0,2219937.0,2262485.0
Brazil,175786441.0,178419396.0,181045592.0,183627339.0,186116363.0,188479240.0,190698241.0,192784521.0,194769696.0,196701298.0,198614208.0,200517584.0,202401584.0,204259377.0,206077898.0,207847528.0
Brunei Darussalam,330554.0,337074.0,343383.0,349557.0,355700.0,361889.0,368150.0,374459.0,380786.0,387080.0,393302.0,399443.0,405512.0,411499.0,417394.0,423188.0
Bulgaria,8170172.0,8020282.0,7868468.0,7823557.0,7781161.0,7739900.0,7699020.0,7545338.0,7492561.0,7444443.0,7395599.0,7348328.0,7305888.0,7265115.0,7223938.0,7177991.0
Burkina Faso,11607944.0,11943740.0,12290984.0,12651596.0,13028039.0,13421929.0,13834195.0,14264002.0,14709011.0,15165856.0,15632066.0,16106851.0,16590813.0,17084554.0,17589198.0,18105570.0
Burundi,6767073.0,6946720.0,7159918.0,7401215.0,7661613.0,7934213.0,8218070.0,8514578.0,8821795.0,9137786.0,9461117.0,9790151.0,10124572.0,10465959.0,10816860.0,11178921.0
Cambodia,12197905.0,12448881.0,12681984.0,12901217.0,13112334.0,13320058.0,13525360.0,13728700.0,13933660.0,14144337.0,14363586.0,14593099.0,14832255.0,15078564.0,15328136.0,15577899.0
Cameroon,15927713.0,16349364.0,16779434.0,17218591.0,17667576.0,18126999.0,18597109.0,19078100.0,19570418.0,20074522.0,20590666.0,21119065.0,21659488.0,22211166.0,22773014.0,23344179.0
Canada,30769700.0,31081900.0,31362000.0,31676000.0,31995000.0,32312000.0,32570505.0,32887928.0,33245773.0,33628571.0,34005274.0,34342780.0,34751476.0,35155499.0,35543658.0,35851774.0
Cabo Verde,438737.0,447357.0,455396.0,462675.0,468985.0,474224.0,478265.0,481278.0,483824.0,486673.0,490379.0,495159.0,500870.0,507258.0,513906.0,520502.0
Cayman Islands,41685.0,43317.0,44742.0,46032.0,47299.0,48623.0,50028.0,51480.0,52925.0,54285.0,55509.0,56580.0,57522.0,58369.0,59172.0,59967.0
Central African Republic,3726048.0,3794677.0,3859784.0,3923294.0,3987896.0,4055608.0,4127112.0,4202104.0,4280405.0,4361492.0,4444973.0,4530903.0,4619500.0,4710678.0,4804316.0,4900274.0
Chad,8343321.0,8663599.0,9002102.0,9353516.0,9710498.0,10067932.0,10423616.0,10779504.0,11139740.0,11510535.0,11896380.0,12298512.0,12715465.0,13145788.0,13587053.0,14037472.0
Channel Islands,148725.0,149797.0,150905.0,152034.0,153170.0,154298.0,155415.0,156516.0,157587.0,158613.0,159583.0,160489.0,161336.0,162138.0,162917.0,163692.0
Chile,15170387.0,15358418.0,15544554.0,15729268.0,15913119.0,16096571.0,16279728.0,16462701.0,16645940.0,16829957.0,17015048.0,17201305.0,17388437.0,17575833.0,17762647.0,17948141.0
China,1262645000.0,1271850000.0,1280400000.0,1288400000.0,1296075000.0,1303720000.0,1311020000.0,1317885000.0,1324655000.0,1331260000.0,1337705000.0,1344130000.0,1350695000.0,1357380000.0,1364270000.0,1371220000.0
Colombia,40403959.0,40988909.0,41572493.0,42152147.0,42724157.0,43285636.0,43835744.0,44374647.0,44901660.0,45416276.0,45918101.0,46406446.0,46881018.0,47342363.0,47791393.0,48228704.0
Comoros,547696.0,561525.0,575428.0,589500.0,603869.0,618632.0,633814.0,649404.0,665414.0,681845.0,698695.0,715972.0,733661.0,751697.0,769991.0,788474.0
"Congo, Dem. Rep.",48048664.0,49449015.0,50971407.0,52602208.0,54314855.0,56089536.0,57926840.0,59834875.0,61809278.0,63845097.0,65938712.0,68087376.0,70291160.0,72552861.0,74877030.0,77266814.0
"Congo, Rep.",3109269.0,3183883.0,3256867.0,3331564.0,3412592.0,3503086.0,3604595.0,3715665.0,3832771.0,3950786.0,4066078.0,4177435.0,4286188.0,4394334.0,4504962.0,4620330.0
Costa Rica,3925450.0,3996800.0,4063208.0,4125970.0,4187039.0,4247843.0,4308790.0,4369465.0,4429506.0,4488261.0,4545273.0,4600487.0,4654148.0,4706433.0,4757606.0,4807850.0
Cote d'Ivoire,16517948.0,16865376.0,17185421.0,17491539.0,17802516.0,18132702.0,18486392.0,18862172.0,19261647.0,19684909.0,20131707.0,20604172.0,21102641.0,21622490.0,22157107.0,22701556.0
Croatia,4426000.0,4440000.0,4440000.0,4440000.0,4439000.0,4442000.0,4440000.0,4436000.0,4434508.0,4429078.0,4417781.0,4280622.0,4267558.0,4255689.0,4238389.0,4224404.0
Cuba,11116787.0,11151472.0,11184540.0,11214837.0,11240680.0,11261052.0,11275199.0,11284043.0,11290239.0,11297442.0,11308133.0,11323570.0,11342631.0,11362505.0,11379111.0,11389562.0
Curacao,133860.0,129047.0,129205.0,131897.0,134192.0,137658.0,141239.0,144056.0,145880.0,146833.0,148703.0,150831.0,152088.0,153822.0,155909.0,158040.0
Cyprus,943287.0,961482.0,979883.0,998150.0,1015827.0,1032586.0,1048293.0,1063040.0,1077010.0,1090486.0,1103685.0,1116644.0,1129303.0,1141652.0,1153658.0,1165300.0
Czech Republic,10255063.0,10216605.0,10196916.0,10193998.0,10197101.0,10211216.0,10238905.0,10298828.0,10384603.0,10443936.0,10474410.0,10496088.0,10510785.0,10514272.0,10525347.0,10551219.0
Denmark,5339616.0,5358783.0,5375931.0,5390574.0,5404523.0,5419432.0,5437272.0,5461438.0,5493621.0,5523095.0,5547683.0,5570572.0,5591572.0,5614932.0,5643475.0,5676002.0
Djibouti,722562.0,734088.0,745459.0,756656.0,767644.0,778406.0,788941.0,799309.0,809639.0,820097.0,830802.0,841802.0,853069.0,864554.0,876174.0,887861.0
Dominica,69679.0,69660.0,69806.0,70058.0,70325.0,70542.0,70690.0,70795.0,70881.0,70995.0,71167.0,71402.0,71685.0,72005.0,72341.0,72680.0
Dominican Republic,8562623.0,8697127.0,8832286.0,8967759.0,9102997.0,9237565.0,9371333.0,9504336.0,9636491.0,9767737.0,9897983.0,10027140.0,10155036.0,10281408.0,10405943.0,10528391.0
Ecuador,12628596.0,12852753.0,13072056.0,13289600.0,13509645.0,13735232.0,13967490.0,14205479.0,14447600.0,14691310.0,14934692.0,15177280.0,15419493.0,15661312.0,15902916.0,16144363.0
"Egypt, Arab Rep.",68334905.0,69599945.0,70908710.0,72247626.0,73596068.0,74942115.0,76274285.0,77605327.0,78976122.0,80442443.0,82040994.0,83787634.0,85660902.0,87613909.0,89579670.0,91508084.0
El Salvador,5811836.0,5844738.0,5874301.0,5900929.0,5925089.0,5947206.0,5967556.0,5986414.0,6004199.0,6021368.0,6038306.0,6055208.0,6072233.0,6089644.0,6107706.0,6126583.0
Equatorial Guinea,530896.0,549007.0,567664.0,586772.0,606201.0,625866.0,645718.0,665798.0,686223.0,707155.0,728710.0,750918.0,773729.0,797082.0,820885.0,845060.0
Eritrea,3535156.0,3655006.0,3788532.0,3928408.0,4064958.0,4191273.0,4304440.0,4406299.0,4500638.0,4593549.0,4689664.0,4789568.0,..,..,..,..
Estonia,1396985.0,1388115.0,1379350.0,1370720.0,1362550.0,1354775.0,1346810.0,1340680.0,1337090.0,1334515.0,1331475.0,1327439.0,1322696.0,1317997.0,1314545.0,1311998.0
Ethiopia,66443603.0,68393128.0,70391170.0,72432290.0,74506974.0,76608431.0,78735675.0,80891968.0,83079608.0,85302099.0,87561814.0,89858696.0,92191211.0,94558374.0,96958732.0,99390750.0
Faroe Islands,46491.0,47012.0,47452.0,47812.0,48103.0,48337.0,48505.0,48599.0,48629.0,48613.0,48567.0,48492.0,48393.0,48292.0,48221.0,48199.0
Fiji,811223.0,814215.0,815691.0,816626.0,818355.0,821820.0,827390.0,834729.0,843206.0,851854.0,859952.0,867327.0,874158.0,880487.0,886450.0,892145.0
Finland,5176209.0,5188008.0,5200598.0,5213014.0,5228172.0,5246096.0,5266268.0,5288720.0,5313399.0,5338871.0,5363352.0,5388272.0,5413971.0,5438972.0,5461512.0,5482013.0
France,60912498.0,61357431.0,61805267.0,62244884.0,62704897.0,63179356.0,63621376.0,64016229.0,64374990.0,64707044.0,65027512.0,65342776.0,65659790.0,65972097.0,66495940.0,66808385.0
French Polynesia,237267.0,241276.0,245032.0,248536.0,251811.0,254884.0,257731.0,260361.0,262877.0,265412.0,268065.0,270862.0,273775.0,276766.0,279781.0,282764.0
Gabon,1231548.0,1260435.0,1289192.0,1318093.0,1347524.0,1377777.0,1408920.0,1440902.0,1473741.0,1507428.0,1541936.0,1577298.0,1613489.0,1650351.0,1687673.0,1725292.0
"Gambia, The",1228863.0,1267103.0,1307674.0,1350345.0,1394727.0,1440542.0,1487731.0,1536424.0,1586749.0,1638899.0,1693002.0,1749099.0,1807108.0,1866878.0,1928201.0,1990924.0
Georgia,4418300.0,4386400.0,4357000.0,4301000.0,4245000.0,4190000.0,4136000.0,4082000.0,4030000.0,3978000.0,3926000.0,3875000.0,3825000.0,3776000.0,3727000.0,3679000.0
Germany,82211508.0,82349925.0,82488495.0,82534176.0,82516260.0,82469422.0,82376451.0,82266372.0,82110097.0,81902307.0,81776930.0,81797673.0,80425823.0,82132753.0,80982500.0,81413145.0
Ghana,18824994.0,19293804.0,19788181.0,20305396.0,20840493.0,21389514.0,21951891.0,22528041.0,23115919.0,23713164.0,24317734.0,24928503.0,25544565.0,26164432.0,26786598.0,27409893.0
Greece,10805808.0,10862132.0,10902022.0,10928070.0,10955141.0,10987314.0,11020362.0,11048473.0,11077841.0,11107017.0,11121341.0,11104899.0,11045011.0,10965211.0,10892413.0,10823732.0
Greenland,56200.0,56350.0,56609.0,56765.0,56911.0,56935.0,56774.0,56555.0,56328.0,56323.0,56905.0,56890.0,56810.0,56483.0,56295.0,56114.0
Grenada,101620.0,101849.0,102100.0,102371.0,102657.0,102951.0,103259.0,103587.0,103934.0,104298.0,104677.0,105070.0,105476.0,105902.0,106349.0,106825.0
Guam,155328.0,156417.0,157241.0,157823.0,158194.0,158401.0,158429.0,158332.0,158310.0,158621.0,159440.0,160858.0,162807.0,165121.0,167543.0,169885.0
Guatemala,11688660.0,11976725.0,12272208.0,12573346.0,12877711.0,13183505.0,13490041.0,13797629.0,14106687.0,14418033.0,14732261.0,15049280.0,15368759.0,15690793.0,16015494.0,16342897.0
Guinea,8799165.0,8955756.0,9114287.0,9281572.0,9464771.0,9669023.0,9898301.0,10152521.0,10427356.0,10715770.0,11012406.0,11316351.0,11628767.0,11948726.0,12275527.0,12608590.0
Guinea-Bissau,1315455.0,1343646.0,1372367.0,1401716.0,1431816.0,1462784.0,1494603.0,1527342.0,1561293.0,1596832.0,1634196.0,1673509.0,1714620.0,1757138.0,1800513.0,1844325.0
Guyana,742218.0,743163.0,743107.0,742537.0,742162.0,742495.0,743705.0,745638.0,748096.0,750749.0,753362.0,755883.0,758410.0,761033.0,763893.0,767085.0
Haiti,8549202.0,8692564.0,8834739.0,8976555.0,9119182.0,9263409.0,9409479.0,9556958.0,9705130.0,9852953.0,9999617.0,10144890.0,10288828.0,10431249.0,10572029.0,10711067.0
Honduras,6243080.0,6371304.0,6499001.0,6626304.0,6753352.0,6880181.0,7007029.0,7133737.0,7259470.0,7383098.0,7503875.0,7621414.0,7736131.0,7849059.0,7961680.0,8075060.0
"Hong Kong SAR, China",6665000.0,6714300.0,6744100.0,6730800.0,6783500.0,6813200.0,6857100.0,6916300.0,6957800.0,6972800.0,7024200.0,7071600.0,7154600.0,7187500.0,7241700.0,7305700.0
Hungary,10210971.0,10187576.0,10158608.0,10129552.0,10107146.0,10087065.0,10071370.0,10055780.0,10038188.0,10022650.0,10000023.0,9971727.0,9920362.0,9893082.0,9866468.0,9844686.0
Iceland,281205.0,284968.0,287523.0,289521.0,292074.0,296734.0,303782.0,311566.0,317414.0,318499.0,318041.0,319014.0,320716.0,323764.0,327386.0,330823.0
India,1053481072.0,1071888190.0,1090189358.0,1108369577.0,1126419321.0,1144326293.0,1162088305.0,1179685631.0,1197070109.0,1214182182.0,1230984504.0,1247446011.0,1263589639.0,1279498874.0,1295291543.0,1311050527.0
Indonesia,211540428.0,214448301.0,217369087.0,220307809.0,223268606.0,226254703.0,229263980.0,232296830.0,235360765.0,238465165.0,241613126.0,244808254.0,248037853.0,251268276.0,254454778.0,257563815.0
"Iran, Islamic Rep.",65850062.0,66812736.0,67696677.0,68522074.0,69321953.0,70122115.0,70923164.0,71720859.0,72530693.0,73370982.0,74253373.0,75184322.0,76156975.0,77152445.0,78143644.0,79109272.0
Iraq,23574751.0,24258794.0,24943793.0,25630426.0,26320530.0,27017712.0,27716983.0,28423538.0,29163327.0,29970634.0,30868156.0,31867758.0,32957622.0,34107366.0,35273293.0,36423395.0
Ireland,3805174.0,3866243.0,3931947.0,3996521.0,4070262.0,4159914.0,4273591.0,4398942.0,4489544.0,4535375.0,4560155.0,4576794.0,4586897.0,4598294.0,4617225.0,4640703.0
Isle of Man,76806.0,77608.0,78318.0,78975.0,79636.0,80345.0,81110.0,81914.0,82737.0,83548.0,84327.0,85069.0,85779.0,86462.0,87127.0,87780.0
Israel,6289000.0,6439000.0,6570000.0,6689700.0,6809000.0,6930100.0,7053700.0,7180100.0,7308800.0,7485600.0,7623600.0,7765800.0,7910500.0,8059500.0,8215700.0,8380400.0
Italy,56942108.0,56974100.0,57059007.0,57313203.0,57685327.0,57969484.0,58143979.0,58438310.0,58826731.0,59095365.0,59277417.0,59379449.0,59539717.0,60233948.0,60789140.0,60802085.0
Jamaica,2589389.0,2605556.0,2615253.0,2624695.0,2634145.0,2643601.0,2653042.0,2662481.0,2671934.0,2681386.0,2690824.0,2699838.0,2707805.0,2714669.0,2720554.0,2725941.0
Japan,126843000.0,127149000.0,127445000.0,127718000.0,127761000.0,127773000.0,127854000.0,128001000.0,128063000.0,128047000.0,128070000.0,127817277.0,127561489.0,127338621.0,127131800.0,126958472.0
Jordan,4767476.0,4850227.0,4938935.0,5042538.0,5171633.0,5332982.0,5530218.0,5759424.0,6010035.0,6266865.0,6517912.0,6760371.0,6994451.0,7214832.0,7416083.0,7594547.0
Kazakhstan,14883626.0,14858335.0,14858948.0,14909018.0,15012985.0,15147029.0,15308084.0,15484192.0,15674000.0,16092701.0,16321581.0,16556600.0,16791425.0,17035275.0,17289224.0,17544126.0
Kenya,31065820.0,31863280.0,32691980.0,33551079.0,34437460.0,35349040.0,36286015.0,37250540.0,38244442.0,39269988.0,40328313.0,41419954.0,42542978.0,43692881.0,44863583.0,46050302.0
Kiribati,84406.0,85858.0,87343.0,88892.0,90545.0,92329.0,94257.0,96310.0,98437.0,100566.0,102648.0,104662.0,106620.0,108544.0,110470.0,112423.0
"Korea, Dem. Peopleâ€™s Rep.",22840218.0,23043441.0,23248053.0,23449173.0,23639296.0,23813324.0,23969897.0,24111945.0,24243829.0,24371806.0,24500506.0,24631359.0,24763353.0,24895705.0,25026772.0,25155317.0
"Korea, Rep.",47008111.0,47357362.0,47622179.0,47859311.0,48039415.0,48138077.0,48371946.0,48597652.0,48948698.0,49182038.0,49410366.0,49779440.0,50004441.0,50219669.0,50423955.0,50617045.0
Kosovo,1700000.0,1701154.0,1702310.0,1703466.0,1704622.0,1705780.0,1719536.0,1733404.0,1747383.0,1761474.0,1775680.0,1790957.0,1805200.0,1818117.0,1812771.0,1797151.0
Kuwait,1929470.0,1990022.0,2042215.0,2095993.0,2166344.0,2263604.0,2389498.0,2538591.0,2705290.0,2881243.0,3059473.0,3239181.0,3419581.0,3593689.0,3753121.0,3892115.0
Kyrgyz Republic,4898400.0,4945100.0,4990700.0,5043300.0,5104700.0,5162600.0,5218400.0,5268400.0,5318700.0,5383300.0,5447900.0,5514600.0,5607200.0,5719600.0,5835500.0,5957000.0
Lao PDR,5342879.0,5424701.0,5502340.0,5579003.0,5658894.0,5745012.0,5838837.0,5939634.0,6045439.0,6153153.0,6260544.0,6366909.0,6473050.0,6579985.0,6689300.0,6802023.0
Latvia,2367550.0,2337170.0,2310173.0,2287955.0,2263122.0,2238799.0,2218357.0,2200325.0,2177322.0,2141669.0,2097555.0,2059709.0,2034319.0,2012647.0,1993782.0,1978440.0
Lebanon,3235380.0,3359875.0,3522842.0,3701464.0,3863271.0,3986865.0,4057041.0,4085426.0,4109389.0,4181742.0,4337156.0,4591698.0,4924257.0,5286990.0,5612096.0,5850743.0
Lesotho,1856225.0,1871489.0,1885488.0,1898778.0,1912042.0,1925844.0,1940345.0,1955656.0,1972194.0,1990413.0,2010586.0,2032950.0,2057331.0,2083061.0,2109197.0,2135022.0
Liberia,2891968.0,2998770.0,3070673.0,3124222.0,3184643.0,3269786.0,3384804.0,3522337.0,3672782.0,3821498.0,3957990.0,4079574.0,4190155.0,4293692.0,4396554.0,4503438.0
Libya,5337264.0,5428303.0,5518341.0,5609166.0,5703224.0,5801543.0,5907149.0,6017794.0,6123022.0,6208680.0,6265697.0,6288652.0,6283403.0,6265987.0,6258984.0,6278438.0
Liechtenstein,33282.0,33663.0,33995.0,34290.0,34569.0,34852.0,35141.0,35431.0,35721.0,36004.0,36276.0,36537.0,36791.0,37040.0,37286.0,37531.0
Lithuania,3499536.0,3470818.0,3443067.0,3415213.0,3377075.0,3322528.0,3269909.0,3231294.0,3198231.0,3162916.0,3097282.0,3028115.0,2987773.0,2957689.0,2932367.0,2910199.0
Luxembourg,436300.0,441525.0,446175.0,451630.0,458095.0,465158.0,472637.0,479993.0,488650.0,497783.0,506953.0,518347.0,530946.0,543360.0,556319.0,569676.0
"Macao SAR, China",431907.0,438088.0,444178.0,450754.0,458579.0,468149.0,479728.0,493022.0,507274.0,521405.0,534626.0,546682.0,557763.0,568056.0,577914.0,587606.0
"Macedonia, FYR",2012051.0,2021585.0,2028706.0,2033974.0,2038444.0,2042894.0,2047330.0,2051427.0,2055266.0,2058920.0,2062443.0,2065888.0,2069270.0,2072543.0,2075625.0,2078453.0
Madagascar,15744811.0,16235767.0,16736029.0,17245275.0,17763367.0,18290394.0,18826129.0,19371031.0,19926798.0,20495706.0,21079532.0,21678867.0,22293720.0,22924557.0,23571713.0,24235390.0
Malawi,11193230.0,11491824.0,11788731.0,12090476.0,12407618.0,12747846.0,13112383.0,13498377.0,13904671.0,14329056.0,14769824.0,15226813.0,15700436.0,16190126.0,16695253.0,17215232.0
Malaysia,23420751.0,23920963.0,24401977.0,24869423.0,25332026.0,25796124.0,26263048.0,26730607.0,27197419.0,27661017.0,28119500.0,28572970.0,29021940.0,29465372.0,29901997.0,30331007.0
Maldives,286000.0,292000.0,297000.0,304000.0,312000.0,321000.0,333000.0,349000.0,362000.0,360000.0,367000.0,377000.0,385000.0,393000.0,401000.0,409163.0
Mali,11046926.0,11376094.0,11723017.0,12088867.0,12474857.0,12881384.0,13309942.0,13759226.0,14223403.0,14694565.0,15167286.0,15639115.0,16112333.0,16592097.0,17086022.0,17599694.0
Malta,381363.0,393028.0,395969.0,398582.0,401268.0,403834.0,405308.0,406724.0,409379.0,412477.0,414508.0,416268.0,419455.0,423374.0,427364.0,431333.0
Marshall Islands,52161.0,52184.0,52161.0,52115.0,52074.0,52058.0,52080.0,52136.0,52221.0,52321.0,52428.0,52541.0,52663.0,52786.0,52898.0,52993.0
Mauritania,2711421.0,2796502.0,2884672.0,2974686.0,3064882.0,3154087.0,3241762.0,3328285.0,3414552.0,3501927.0,3591400.0,3683221.0,3777067.0,3872684.0,3969625.0,4067564.0
Mauritius,1186873.0,1196287.0,1204621.0,1213370.0,1221003.0,1228254.0,1233996.0,1239630.0,1244121.0,1247429.0,1250400.0,1252404.0,1255882.0,1258653.0,1260934.0,1262605.0
Mexico,102808590.0,104239563.0,105578297.0,106888418.0,108257822.0,109747906.0,111382857.0,113139374.0,114972821.0,116815612.0,118617542.0,120365271.0,122070963.0,123740109.0,125385833.0,127017224.0
"Micronesia, Fed. Sts.",107430.0,107170.0,106983.0,106816.0,106575.0,106198.0,105680.0,105080.0,104472.0,103961.0,103619.0,103476.0,103516.0,103718.0,104044.0,104460.0
Moldova,3639592.0,3631462.0,3623062.0,3612874.0,3603945.0,3595187.0,3585209.0,3576910.0,3570108.0,3565604.0,3562045.0,3559986.0,3559519.0,3558566.0,3556397.0,3554150.0
Monaco,32081.0,32364.0,32648.0,32960.0,33339.0,33808.0,34384.0,35046.0,35731.0,36351.0,36845.0,37189.0,37404.0,37528.0,37623.0,37731.0
Mongolia,2397438.0,2419729.0,2443503.0,2469045.0,2496621.0,2526447.0,2558484.0,2592776.0,2629666.0,2669572.0,2712657.0,2759074.0,2808339.0,2859174.0,2909871.0,2959134.0
Montenegro,604950.0,607389.0,609828.0,612267.0,613353.0,614261.0,615025.0,615875.0,616969.0,618294.0,619428.0,620079.0,620601.0,621207.0,621810.0,622388.0
Morocco,28950553.0,29250983.0,29535591.0,29812685.0,30093109.0,30385479.0,30691434.0,31011322.0,31350544.0,31714958.0,32107739.0,32531964.0,32984190.0,33452686.0,33921203.0,34377511.0
Mozambique,18264536.0,18792357.0,19348715.0,19928496.0,20523159.0,21126676.0,21737860.0,22359637.0,22994867.0,23647815.0,24321457.0,25016921.0,25732928.0,26467180.0,27216276.0,27977863.0
Myanmar,47669791.0,48195684.0,48689952.0,49151958.0,49582751.0,49984704.0,50355559.0,50698814.0,51030006.0,51369725.0,51733013.0,52125411.0,52543841.0,52983829.0,53437159.0,53897154.0
Namibia,1897953.0,1931005.0,1957749.0,1980531.0,2002745.0,2027026.0,2053915.0,2083174.0,2115703.0,2152357.0,2193643.0,2240161.0,2291645.0,2346592.0,2402858.0,2458830.0
Nepal,23740145.0,24140941.0,24516969.0,24868900.0,25198130.0,25506847.0,25794344.0,26063619.0,26325183.0,26592666.0,26875910.0,27179237.0,27500515.0,27834981.0,28174724.0,28513700.0
Netherlands,15925513.0,16046180.0,16148929.0,16225302.0,16281779.0,16319868.0,16346101.0,16381696.0,16445593.0,16530388.0,16615394.0,16693074.0,16754962.0,16804432.0,16865008.0,16936520.0
New Caledonia,213230.0,217324.0,221490.0,225000.0,228000.0,231000.0,235000.0,238000.0,242000.0,245000.0,250000.0,254000.0,259000.0,263000.0,268000.0,273000.0
New Zealand,3857700.0,3880500.0,3948500.0,4027200.0,4087500.0,4133900.0,4184600.0,4223800.0,4259800.0,4302600.0,4350700.0,4384000.0,4408100.0,4442100.0,4509700.0,4595700.0
Nicaragua,5026792.0,5100750.0,5171736.0,5240876.0,5309703.0,5379327.0,5450217.0,5522119.0,5594524.0,5666595.0,5737722.0,5807787.0,5877034.0,5945646.0,6013913.0,6082032.0
Niger,11224523.0,11642308.0,12075991.0,12526725.0,12996012.0,13485436.0,13995530.0,14527631.0,15085130.0,15672194.0,16291990.0,16946485.0,17635782.0,18358863.0,19113728.0,19899120.0
Nigeria,122876723.0,126014935.0,129246283.0,132581484.0,136033321.0,139611303.0,143318011.0,147152502.0,151115683.0,155207145.0,159424742.0,163770669.0,168240403.0,172816517.0,177475986.0,182201962.0
Northern Mariana Islands,68434.0,68817.0,68499.0,67562.0,66143.0,64372.0,62235.0,59791.0,57343.0,55276.0,53860.0,53234.0,53314.0,53869.0,54541.0,55070.0
Norway,4490967.0,4513751.0,4538159.0,4564855.0,4591910.0,4623291.0,4660677.0,4709153.0,4768212.0,4828726.0,4889252.0,4953088.0,5018573.0,5079623.0,5137232.0,5195921.0
Oman,2239403.0,2272547.0,2323203.0,2385075.0,2448194.0,2506891.0,2553376.0,2593750.0,2652281.0,2762073.0,2943747.0,3210003.0,3545192.0,3906912.0,4236057.0,4490541.0
Pakistan,138250487.0,141282077.0,144271586.0,147251530.0,150267989.0,153356383.0,156524189.0,159767672.0,163096985.0,166520983.0,170043918.0,173669648.0,177392252.0,181192646.0,185044286.0,188924874.0
Palau,19174.0,19404.0,19575.0,19700.0,19805.0,19907.0,20012.0,20118.0,20227.0,20344.0,20470.0,20606.0,20756.0,20919.0,21097.0,21291.0
Panama,3028751.0,3086887.0,3144728.0,3202511.0,3260611.0,3319301.0,3378600.0,3438398.0,3498679.0,3559401.0,3620506.0,3681979.0,3743761.0,3805683.0,3867535.0,3929141.0
Papua New Guinea,5374051.0,5512835.0,5653284.0,5795571.0,5940048.0,6086905.0,6236158.0,6387470.0,6540267.0,6693799.0,6847517.0,7001172.0,7154870.0,7308864.0,7463577.0,7619321.0
Paraguay,5302703.0,5406625.0,5508615.0,5607948.0,5703742.0,5795493.0,5882797.0,5966160.0,6047131.0,6127847.0,6209877.0,6293763.0,6379162.0,6465669.0,6552518.0,6639123.0
Peru,25914875.0,26261363.0,26601463.0,26937737.0,27273188.0,27610406.0,27949958.0,28292768.0,28642048.0,29001563.0,29373644.0,29759891.0,30158768.0,30565461.0,30973148.0,31376670.0
Philippines,77932247.0,79604541.0,81294378.0,82971734.0,84596249.0,86141373.0,87592899.0,88965508.0,90297115.0,91641881.0,93038902.0,94501233.0,96017322.0,97571676.0,99138690.0,100699395.0
Poland,38258629.0,38248076.0,38230364.0,38204570.0,38182222.0,38165445.0,38141267.0,38120560.0,38125759.0,38151603.0,38042794.0,38063255.0,38063164.0,38040196.0,38011735.0,37999494.0
Portugal,10289898.0,10362722.0,10419631.0,10458821.0,10483861.0,10503330.0,10522288.0,10542964.0,10558177.0,10568247.0,10573100.0,10557560.0,10514844.0,10457295.0,10401062.0,10348648.0
Puerto Rico,3810605.0,3818774.0,3823701.0,3826095.0,3826878.0,3821362.0,3805214.0,3782995.0,3760866.0,3740410.0,3721526.0,3678736.0,3634487.0,3593079.0,3534888.0,3474182.0
Qatar,593453.0,613720.0,634388.0,668165.0,732096.0,836924.0,988448.0,1178955.0,1388962.0,1591151.0,1765513.0,1905437.0,2015624.0,2101288.0,2172065.0,2235355.0
Romania,22442971.0,22131970.0,21730496.0,21574326.0,21451748.0,21319685.0,21193760.0,20882982.0,20537875.0,20367487.0,20246871.0,20147528.0,20058035.0,19983693.0,19908979.0,19832389.0
Russian Federation,146596557.0,145976083.0,145306046.0,144648257.0,144067054.0,143518523.0,143049528.0,142805088.0,142742350.0,142785342.0,142849449.0,142960868.0,143201676.0,143506911.0,143819569.0,144096812.0
Rwanda,8021875.0,8329113.0,8539029.0,8686469.0,8828956.0,9008230.0,9231041.0,9481083.0,9750314.0,10024594.0,10293669.0,10556429.0,10817350.0,11078095.0,11341544.0,11609666.0
Samoa,174614.0,175567.0,176592.0,177677.0,178794.0,179928.0,181072.0,182238.0,183440.0,184700.0,186029.0,187434.0,188901.0,190390.0,191845.0,193228.0
San Marino,27420.0,27771.0,28142.0,28520.0,28891.0,29242.0,29568.0,29874.0,30160.0,30431.0,30690.0,30938.0,31172.0,31391.0,31595.0,31781.0
Sao Tome and Principe,137164.0,140003.0,143085.0,146357.0,149732.0,153146.0,156584.0,160064.0,163595.0,167196.0,170880.0,174646.0,178484.0,182386.0,186342.0,190344.0
Saudi Arabia,21392273.0,22007937.0,22668102.0,23357887.0,24055573.0,24745230.0,25419994.0,26083522.0,26742842.0,27409491.0,28090647.0,28788438.0,29496047.0,30201051.0,30886545.0,31540372.0
Senegal,9860578.0,10118078.0,10389457.0,10673320.0,10967016.0,11268994.0,11578430.0,11897230.0,12229703.0,12581624.0,12956791.0,13357003.0,13780108.0,14221041.0,14672557.0,15129273.0
Serbia,7516346.0,7503433.0,7496522.0,7480591.0,7463157.0,7440769.0,7411569.0,7381579.0,7350222.0,7320807.0,7291436.0,7234099.0,7199077.0,7164132.0,7130576.0,7098247.0
Seychelles,81131.0,81202.0,83700.0,82800.0,82500.0,82900.0,84600.0,85033.0,86956.0,87298.0,89770.0,87441.0,88303.0,89900.0,91400.0,92900.0
Sierra Leone,4060709.0,4220198.0,4422154.0,4647701.0,4870467.0,5071271.0,5243214.0,5391108.0,5521838.0,5647194.0,5775902.0,5908908.0,6043157.0,6178859.0,6315627.0,6453184.0
Singapore,4027887.0,4138012.0,4175950.0,4114826.0,4166664.0,4265762.0,4401365.0,4588599.0,4839396.0,4987573.0,5076732.0,5183688.0,5312437.0,5399162.0,5469724.0,5535002.0
Sint Maarten (Dutch part),30519.0,31189.0,32566.0,33790.0,35316.0,36934.0,38270.0,39462.0,40458.0,39133.0,35474.0,33435.0,34640.0,36607.0,37685.0,38817.0
Slovak Republic,5388720.0,5378867.0,5376912.0,5373374.0,5372280.0,5372807.0,5373054.0,5374622.0,5379233.0,5386406.0,5391428.0,5398384.0,5407579.0,5413393.0,5418649.0,5424050.0
Slovenia,1988925.0,1992060.0,1994530.0,1995733.0,1997012.0,2000474.0,2006868.0,2018122.0,2021316.0,2039669.0,2048583.0,2052843.0,2057159.0,2059953.0,2061980.0,2063768.0
Solomon Islands,412336.0,423535.0,434893.0,446352.0,457841.0,469306.0,480716.0,492075.0,503410.0,514767.0,526177.0,537648.0,549162.0,560685.0,572171.0,583591.0
Somalia,7385416.0,7610053.0,7827203.0,8039104.0,8251054.0,8466938.0,8686939.0,8909015.0,9132589.0,9356827.0,9581714.0,9806670.0,10033630.0,10268157.0,10517569.0,10787104.0
South Africa,44000000.0,44909738.0,45448096.0,46034026.0,46641103.0,47270063.0,47921682.0,48596781.0,49296223.0,50020918.0,50771826.0,51549958.0,52356381.0,53192216.0,54058647.0,54956920.0
South Sudan,6692999.0,6967817.0,7233237.0,7499695.0,7784488.0,8099908.0,8445659.0,8815495.0,9208598.0,9623176.0,10056475.0,10510122.0,10980623.0,11453810.0,11911184.0,12339812.0
Spain,40263216.0,40756001.0,41431558.0,42187645.0,42921895.0,43653155.0,44397319.0,45226803.0,45954106.0,46362946.0,46576897.0,46742697.0,46773055.0,46620045.0,46480882.0,46418269.0
Sri Lanka,18655000.0,18797000.0,18939000.0,19083000.0,19227000.0,19373000.0,19520000.0,19668000.0,19817000.0,19967000.0,20118000.0,20270000.0,20424000.0,20579000.0,20771000.0,20966000.0
St. Kitts and Nevis,45544.0,46216.0,46935.0,47681.0,48424.0,49139.0,49818.0,50465.0,51093.0,51717.0,52352.0,52998.0,53650.0,54301.0,54944.0,55572.0
St. Lucia,156949.0,158650.0,160218.0,161767.0,163462.0,165407.0,167656.0,170146.0,172729.0,175196.0,177397.0,179278.0,180890.0,182305.0,183645.0,184999.0
St. Martin (French part),28384.0,27782.0,27450.0,27363.0,27514.0,27906.0,28414.0,28905.0,29376.0,29820.0,30235.0,30615.0,30959.0,31264.0,31530.0,31754.0
St. Vincent and the Grenadines,107897.0,107989.0,108150.0,108354.0,108563.0,108749.0,108908.0,109049.0,109165.0,109255.0,109316.0,109341.0,109334.0,109327.0,109360.0,109462.0
Sudan,28079664.0,28805142.0,29569978.0,30365586.0,31176209.0,31990003.0,32809056.0,33637960.0,34470138.0,35297298.0,36114885.0,36918193.0,37712420.0,38515095.0,39350274.0,40234882.0
Suriname,480751.0,484210.0,486271.0,487641.0,489312.0,491999.0,495953.0,500953.0,506657.0,512522.0,518141.0,523439.0,528535.0,533450.0,538248.0,542975.0
Swaziland,1063715.0,1074765.0,1082195.0,1087949.0,1094775.0,1104642.0,1118204.0,1134853.0,1153750.0,1173529.0,1193148.0,1212458.0,1231694.0,1250641.0,1269112.0,1286970.0
Sweden,8872109.0,8895960.0,8924958.0,8958229.0,8993531.0,9029572.0,9080505.0,9148092.0,9219637.0,9298515.0,9378126.0,9449213.0,9519374.0,9600379.0,9696110.0,9798871.0
Switzerland,7184250.0,7229854.0,7284753.0,7339001.0,7389625.0,7437115.0,7483934.0,7551117.0,7647675.0,7743831.0,7824909.0,7912398.0,7996861.0,8089346.0,8188649.0,8286976.0
Syrian Arab Republic,16354050.0,16694414.0,16997521.0,17304339.0,17671913.0,18132842.0,18728200.0,19425597.0,20097057.0,20566871.0,20720602.0,20501167.0,19978756.0,19322593.0,18772481.0,18502413.0
Tajikistan,6186152.0,6290413.0,6406518.0,6532871.0,6666628.0,6805655.0,6949566.0,7099021.0,7254072.0,7414960.0,7581696.0,7753925.0,7930929.0,8111894.0,8295840.0,8481855.0
Tanzania,33991590.0,34899062.0,35855480.0,36866228.0,37935334.0,39065600.0,40260847.0,41522004.0,42844744.0,44222113.0,45648525.0,47122998.0,48645709.0,50213457.0,51822621.0,53470420.0
Thailand,62693322.0,63415174.0,64136669.0,64817254.0,65404522.0,65863973.0,66174486.0,66353572.0,66453255.0,66548197.0,66692024.0,66902958.0,67164130.0,67451422.0,67725979.0,67959359.0
Timor-Leste,847185.0,865848.0,894837.0,929431.0,962634.0,979201.0,996052.0,1013194.0,1030630.0,1048367.0,1066409.0,1120392.0,1148958.0,1180069.0,1212107.0,1245015.0
Togo,4874735.0,5006223.0,5142419.0,5283246.0,5428552.0,5578219.0,5732175.0,5890414.0,6052937.0,6219761.0,6390851.0,6566179.0,6745581.0,6928719.0,7115163.0,7304578.0
Tonga,97898.0,98434.0,99005.0,99606.0,100226.0,100858.0,101507.0,102169.0,102816.0,103416.0,103947.0,104392.0,104769.0,105139.0,105586.0,106170.0
Trinidad and Tobago,1267980.0,1272383.0,1277840.0,1284052.0,1290535.0,1296933.0,1303141.0,1309260.0,1315372.0,1321624.0,1328095.0,1334790.0,1341579.0,1348240.0,1354483.0,1360088.0
Tunisia,9552500.0,9650600.0,9748900.0,9839800.0,9932400.0,10029000.0,10127900.0,10225100.0,10328900.0,10439600.0,10547100.0,10673800.0,10777500.0,10886500.0,10996600.0,11107800.0
Turkey,63240157.0,64182694.0,65125766.0,66060121.0,66973561.0,67860617.0,68704721.0,69515492.0,70344357.0,71261307.0,72310416.0,73517002.0,74849187.0,76223639.0,77523788.0,78665830.0
Turkmenistan,4501419.0,4551762.0,4600172.0,4648036.0,4696876.0,4747839.0,4801594.0,4858235.0,4917541.0,4978960.0,5041995.0,5106672.0,5172941.0,5240088.0,5307188.0,5373502.0
Turks and Caicos Islands,18876.0,20186.0,21740.0,23412.0,25025.0,26450.0,27642.0,28638.0,29481.0,30247.0,30993.0,31727.0,32430.0,33103.0,33740.0,34339.0
Tuvalu,9419.0,9471.0,9530.0,9590.0,9646.0,9694.0,9732.0,9764.0,9788.0,9808.0,9827.0,9844.0,9860.0,9876.0,9893.0,9916.0
Uganda,23757636.0,24534668.0,25355794.0,26217760.0,27114742.0,28042413.0,29000925.0,29991958.0,31014427.0,32067125.0,33149417.0,34260342.0,35400620.0,36573387.0,37782971.0,39032383.0
Ukraine,49175848.0,48683865.0,48202500.0,47812950.0,47451600.0,47105150.0,46787750.0,46509350.0,46258200.0,46053300.0,45870700.0,45706100.0,45593300.0,45489600.0,45362900.0,45198200.0
United Arab Emirates,3050128.0,3217865.0,3394060.0,3625798.0,3975945.0,4481976.0,5171255.0,6010100.0,6900142.0,7705423.0,8329453.0,8734722.0,8952542.0,9039978.0,9086139.0,9156963.0
United Kingdom,58892514.0,59119673.0,59370479.0,59647577.0,59987905.0,60401206.0,60846820.0,61322463.0,61806995.0,62276270.0,62766365.0,63258918.0,63700300.0,64128226.0,64613160.0,65138232.0
United States,282162411.0,284968955.0,287625193.0,290107933.0,292805298.0,295516599.0,298379912.0,301231207.0,304093966.0,306771529.0,309346863.0,311718857.0,314102623.0,316427395.0,318907401.0,321418820.0
Uruguay,3321242.0,3327105.0,3327770.0,3325637.0,3324096.0,3325608.0,3331041.0,3339750.0,3350832.0,3362761.0,3374414.0,3385610.0,3396753.0,3407969.0,3419516.0,3431555.0
Uzbekistan,24650400.0,24964450.0,25271850.0,25567650.0,25864350.0,26167000.0,26488250.0,26868000.0,27302800.0,27767400.0,28562400.0,29339400.0,29774500.0,30243200.0,30757700.0,31299500.0
Vanuatu,185058.0,189288.0,193957.0,198963.0,204144.0,209375.0,214635.0,219956.0,225335.0,230782.0,236299.0,241876.0,247498.0,253165.0,258883.0,264652.0
"Venezuela, RB",24481477.0,24940223.0,25399143.0,25857553.0,26314483.0,26769115.0,27221228.0,27670659.0,28116716.0,28558607.0,28995745.0,29427631.0,29854238.0,30276045.0,30693827.0,31108083.0
Vietnam,77630900.0,78620500.0,79537700.0,80467400.0,81436400.0,82392100.0,83311200.0,84218500.0,85118700.0,86025000.0,86932500.0,87860300.0,88809200.0,89759500.0,90728900.0,91703800.0
Virgin Islands (U.S.),108639.0,108386.0,108208.0,108085.0,107950.0,107863.0,107700.0,107423.0,107091.0,106707.0,106267.0,105784.0,105275.0,104737.0,104170.0,103574.0
West Bank and Gaza,2922153.0,2997784.0,3075373.0,3154969.0,3236626.0,3320396.0,3406334.0,3494496.0,3596688.0,3702218.0,3811102.0,3927051.0,4046901.0,4169506.0,4294682.0,4422143.0
"Yemen, Rep.",17795219.0,18306287.0,18832097.0,19374012.0,19931617.0,20504385.0,21093973.0,21701105.0,22322699.0,22954226.0,23591972.0,24234940.0,24882792.0,25533217.0,26183676.0,26832215.0
Zambia,10585220.0,10861238.0,11139978.0,11426006.0,11725635.0,12043591.0,12381509.0,12738676.0,13114579.0,13507849.0,13917439.0,14343526.0,14786581.0,15246086.0,15721343.0,16211767.0
Zimbabwe,12499981.0,12603988.0,12691431.0,12774162.0,12867828.0,12984418.0,13127942.0,13297798.0,13495462.0,13720997.0,13973897.0,14255592.0,14565482.0,14898092.0,15245855.0,15602751.0
Arab World,281326250.0,287291826.0,293402563.0,299731956.0,306387415.0,313430911.0,320906736.0,328766559.0,336886468.0,345054176.0,353112237.0,361031820.0,368802611.0,376504253.0,384222592.0,392022276.0
Caribbean small states,6454716.0,6497461.0,6532561.0,6567210.0,6603018.0,6640916.0,6681231.0,6723587.0,6767278.0,6811213.0,6854569.0,6896697.0,6937108.0,6975754.0,7012857.0,7048966.0
East Asia & Pacific,2045729346.0,2064266243.0,2081848420.0,2098602000.0,2114743503.0,2130541816.0,2146013429.0,2160761464.0,2175670361.0,2190185797.0,2204613382.0,2219109404.0,2233936812.0,2248920288.0,2264064351.0,2279186469.0
East Asia & Pacific (excluding high income),1814543356.0,1831803900.0,1848308223.0,1864184472.0,1879602648.0,1894744514.0,1909251689.0,1923095029.0,1936736134.0,1950280764.0,1963842316.0,1977658253.0,1991783241.0,2006123447.0,2020656037.0,2035129646.0
Euro area,320997414.0,322454670.0,324128255.0,325890549.0,327687926.0,329385346.0,330925570.0,332644496.0,334270178.0,335353297.0,336142557.0,336940330.0,336161537.0,338755304.0,338617134.0,339425073.0
Europe & Central Asia,861989674.0,863492336.0,865189443.0,867472980.0,870067822.0,872720228.0,875415605.0,878428497.0,881925905.0,885580688.0,889077523.0,892816142.0,895050287.0,900863153.0,903987814.0,907944124.0
Europe & Central Asia (excluding high income),392648544.0,392415533.0,392122448.0,392288707.0,392654477.0,393077520.0,393637104.0,394217145.0,395265896.0,397037901.0,399121746.0,401448188.0,403830537.0,406424758.0,408984246.0,411338238.0
European Union,487865459.0,489073595.0,490424475.0,492252932.0,494232263.0,496200867.0,498074489.0,499915977.0,501803925.0,503310374.0,504412209.0,505526581.0,505098575.0,508050888.0,508344735.0,509668361.0
Heavily indebted poor countries (HIPC),474127024.0,487633972.0,501659710.0,516163015.0,531070213.0,546329345.0,561934621.0,577914150.0,594288511.0,611087950.0,628333588.0,646028823.0,664163813.0,682730030.0,701714118.0,721104105.0
High income,1074878739.0,1082312299.0,1089656214.0,1096885903.0,1104476123.0,1112235304.0,1120543449.0,1129339051.0,1138677189.0,1147005992.0,1154477199.0,1161326328.0,1166574800.0,1174927882.0,1180597445.0,1187189841.0
Latin America & Caribbean,525907201.0,533470758.0,540906214.0,548247528.0,555537969.0,562806404.0,570053899.0,577273042.0,584461446.0,591604073.0,598690163.0,605694637.0,612638376.0,619513507.0,626285603.0,632959079.0
Latin America & Caribbean (excluding high income),501172602.0,508521178.0,515744299.0,522876279.0,529958993.0,537022336.0,544072618.0,551099144.0,558093934.0,565043167.0,571935098.0,578766919.0,585536615.0,592233875.0,598846559.0,605364992.0
Least developed countries: UN classification,664386087.0,681362484.0,698794943.0,716594050.0,734626511.0,752794655.0,771082091.0,789544690.0,808296705.0,827498335.0,847264134.0,867666290.0,888606627.0,910063594.0,931955068.0,954218054.0
Low & middle income,5040565572.0,5113277261.0,5185077870.0,5257090524.0,5329272591.0,5401724600.0,5474179013.0,5546493627.0,5619625334.0,5693949714.0,5769206886.0,5845581661.0,5922876751.0,6001164310.0,6080182833.0,6159443196.0
Low income,423655372.0,435383252.0,447534597.0,460075083.0,472947363.0,486113306.0,499559269.0,513311068.0,527415958.0,541939703.0,556926383.0,572393050.0,588316015.0,604648276.0,621322015.0,638286288.0
Lower middle income,2312488976.0,2352812601.0,2393060046.0,2433405412.0,2473856010.0,2514348032.0,2554924913.0,2595645346.0,2636521964.0,2677558873.0,2719003012.0,2760562037.0,2801879869.0,2843404367.0,2885248344.0,2927414098.0
Middle East & North Africa,315122478.0,321163368.0,327207928.0,333373436.0,339823622.0,346657300.0,353917337.0,361549578.0,369452647.0,377485338.0,385417024.0,393274154.0,401032763.0,408731939.0,416401841.0,424065257.0
Middle East & North Africa (excluding high income),278580533.0,283534356.0,288454626.0,293390641.0,298427213.0,303621727.0,308994950.0,314531268.0,320229174.0,326041106.0,331928764.0,337908291.0,343940245.0,350056720.0,356262920.0,362560941.0
Middle income,4616910200.0,4677894009.0,4737543273.0,4797015441.0,4856325228.0,4915611294.0,4974619744.0,5033182559.0,5092209376.0,5152010011.0,5212280503.0,5273188611.0,5334560736.0,5396516034.0,5458860818.0,5521156908.0
North America,312993944.0,316113359.0,319050105.0,321847258.0,324864038.0,327892753.0,331014940.0,334184023.0,337405012.0,340465736.0,343417261.0,346126201.0,348918897.0,351647895.0,354516198.0,357335829.0
Not classified,..,..,..,..,..,..,..,..,..,..,..,..,..,..,..,..
OECD members,1157260608.0,1165754980.0,1174149916.0,1182447832.0,1190808908.0,1199201044.0,1207946461.0,1216989289.0,1226520017.0,1235310457.0,1243550244.0,1251605332.0,1258042183.0,1267816127.0,1274981875.0,1282975040.0
Other small states,20898841.0,21267515.0,21630779.0,22012962.0,22437930.0,22912669.0,23463471.0,24080704.0,24732235.0,25360267.0,25965594.0,26564437.0,27109032.0,27632006.0,28142985.0,28650005.0
Pacific island small states,1963761.0,1985179.0,2005803.0,2026433.0,2048118.0,2071588.0,2097182.0,2124650.0,2153399.0,2182547.0,2211421.0,2239849.0,2267982.0,2295834.0,2323513.0,2351091.0
Small states,29317318.0,29750155.0,30169143.0,30606605.0,31089066.0,31625173.0,32241884.0,32928941.0,33652912.0,34354027.0,35031584.0,35700983.0,36314122.0,36903594.0,37479355.0,38050062.0
South Asia,1385959570.0,1411288216.0,1436527869.0,1461601023.0,1486402311.0,1510864613.0,1534949611.0,1558685624.0,1582147481.0,1605443788.0,1628688562.0,1651888921.0,1675019307.0,1698093032.0,1721152580.0,1744161298.0
Sub-Saharan Africa,667742098.0,685795280.0,704004105.0,722832202.0,742309449.0,762476790.0,783357641.0,804950450.0,827239671.0,850190286.0,873780170.0,897998530.0,922855109.0,948322378.0,974371891.0,1000980981.0
Sub-Saharan Africa (excluding high income),667660967.0,685714078.0,703920405.0,722749402.0,742226949.0,762393890.0,783273041.0,804865417.0,827152715.0,850102988.0,873690400.0,897911089.0,922766806.0,948232478.0,974280491.0,1000888081.0
Upper middle income,2304421224.0,2325081408.0,2344483227.0,2363610029.0,2382469218.0,2401263262.0,2419694831.0,2437537213.0,2455687412.0,2474451138.0,2493277491.0,2512626574.0,2532680867.0,2553111667.0,2573612474.0,2593742810.0
World,6115444311.0,6195589560.0,6274734084.0,6353976427.0,6433748714.0,6513959904.0,6594722462.0,6675832678.0,6758302523.0,6840955706.0,6923684085.0,7006907989.0,7089451551.0,7176092192.0,7260780278.0,7346633037.0